Country,Mountains
Australia,1.0
Austria,1.0
Belgium,0.5
Bulgaria,1.0
Canada,1.0
Croatia,1.0
Cyprus,0.5
Czech Republic,0.5
Denmark,0.0
Finland,0.0
France,1.0
Germany,1.0
Greece,1.0
Hungary,0.5
Iceland,1.0
Ireland,1.0
Italy,1.0
Japan,1.0
Luxembourg,0.5
Malta,0.0
Netherlands, 0.0
New Zealand, 1.0
Norway,1.0
Poland,1.0
Portugal,0.5
Romania,1.0
Slovakia,1.0
Slovenia,1.0
South Korea,1.0
Spain,1.0
Sweden, 0.5
Switzerland, 1.0
United Kingdom, 1.0
